time_s,x_m,y_m,height_m,roll_deg,pitch_deg,vx_m_s,floor_normal_n,wheel_contacts,both_wheels_contact,hip_motor_left_nm,knee_motor_left_nm,wheel_motor_left_nm,hip_motor_right_nm,knee_motor_right_nm,wheel_motor_right_nm
0.0,0.0,0.0,0.2697894232215624,0.0,3.0000000000000004,0.0,0.0,0,False,0.0,0.0,0.0,0.0,0.0,0.0
0.010000000000000002,2.0278240720226722e-05,5.436302947405123e-20,0.26969030655001996,-6.119404130007475e-17,2.9020471630189006,0.003493986582070975,0.0,0,False,1.1545834826578634e-14,-1.5442191191072203,-4.746948523749212e-15,1.1545834826578634e-14,-1.5442191191072203,-4.746948523749212e-15
0.02000000000000001,7.09593960191756e-05,5.354729546208124e-19,0.26937389665001404,-4.601010583225046e-16,2.623499996892665,0.0062472132093512375,0.0,0,False,1.1545834826578634e-14,-1.5442191191072203,-4.746948523749212e-15,1.1545834826578634e-14,-1.5442191191072203,-4.746948523749212e-15
0.03000000000000002,0.0001475478864708042,7.081079097661233e-19,0.2688338992433134,-6.294915494628162e-16,2.179886396468525,0.01046327328567811,181.7924846242557,4,True,1.1545834826578634e-14,-1.5442191191072203,-4.746948523749212e-15,1.1545834826578634e-14,-1.5442191191072203,-4.746948523749212e-15
0.04000000000000003,0.0003332472214647316,1.5908496027743204e-18,0.2685908011141787,-7.862173247166829e-16,2.0391041779311934,0.02430199670063088,80.55376935328093,4,True,1.1545834826578634e-14,-1.5442191191072203,-4.746948523749212e-15,1.1545834826578634e-14,-1.5442191191072203,-4.746948523749212e-15
0.05000000000000004,0.0006252100863595036,1.8317235122175612e-18,0.2686159607469885,-8.459138058066604e-16,2.086313534169605,0.03273453451577916,49.468092258163395,4,True,1.1545834826578634e-14,-1.5442191191072203,-4.746948523749212e-15,1.1545834826578634e-14,-1.5442191191072203,-4.746948523749212e-15
0.060000000000000046,0.0009911908032663385,3.8522624734848454e-19,0.2687281318134411,-5.508371496117238e-16,2.174667775704915,0.03971237981165146,41.96585312500456,4,True,1.1545834826578634e-14,-1.5442191191072203,-4.746948523749212e-15,1.1545834826578634e-14,-1.5442191191072203,-4.746948523749212e-15
0.07000000000000005,0.0014268971742039994,9.894902802310089e-20,0.26888235966708457,-4.776100622137334e-16,2.26621462644569,0.04678569220722578,41.16928045634231,4,True,1.1545834826578634e-14,-1.5442191191072203,-4.746948523749212e-15,1.1545834826578634e-14,-1.5442191191072203,-4.746948523749212e-15
0.08000000000000006,0.0019359820654597257,-7.966558918821358e-19,0.26906857162826875,-2.6573352591595787e-16,2.356604435064923,0.054373201864645865,41.90750326242349,4,True,1.1545834826578634e-14,-1.5442191191072203,-4.746948523749212e-15,1.1545834826578634e-14,-1.5442191191072203,-4.746948523749212e-15
0.09000000000000007,0.0025244628474832627,-9.500214680785964e-19,0.26928535400999604,-1.9953021000557098e-16,2.449603141614551,0.0626133974925875,42.61021111911562,4,True,1.1545834826578634e-14,-1.5442191191072203,-4.746948523749212e-15,1.1545834826578634e-14,-1.5442191191072203,-4.746948523749212e-15
0.10000000000000007,0.0031993701000652304,-1.3331326952317409e-18,0.26953285349016526,-9.144200553212379e-17,2.549550713303348,0.0716022714686641,43.391861817170735,4,True,1.1545834826578634e-14,-1.5442191191072203,-4.746948523749212e-15,1.1545834826578634e-14,-1.5442191191072203,-4.746948523749212e-15
0.11000000000000008,0.003968814948762604,-7.025008582367206e-19,0.2698124220450444,-2.209101852333118e-16,2.661011451024159,0.08145181437616542,44.0254721320824,4,True,1.1545834826578634e-14,-1.5442191191072203,-4.746948523749212e-15,1.1545834826578634e-14,-1.5442191191072203,-4.746948523749212e-15
0.12000000000000009,0.00484192782875171,-3.9139060199763173e-19,0.2701257117673394,-2.746524726161244e-16,2.7880137328793952,0.09225537860308868,44.388634864639805,4,True,1.1545834826578634e-14,-1.5442191191072203,-4.746948523749212e-15,1.1545834826578634e-14,-1.5442191191072203,-4.746948523749212e-15
0.1300000000000001,0.005828772820852606,5.259473514099295e-21,0.27047368660550725,-3.653729367035283e-16,2.9334866897709753,0.1041105610724677,44.573892924558244,4,True,1.1545834826578634e-14,-1.5442191191072203,-4.746948523749212e-15,1.1545834826578634e-14,-1.5442191191072203,-4.746948523749212e-15
0.1400000000000001,0.006940482667977768,3.812491803605557e-20,0.2708566740424689,-3.6776464973279643e-16,3.099554194007244,0.11713201916361338,44.66088305968432,4,True,1.1545834826578634e-14,-1.5442191191072203,-4.746948523749212e-15,1.1545834826578634e-14,-1.5442191191072203,-4.746948523749212e-15
0.1500000000000001,0.008189425563460756,1.1057713793373268e-18,0.27127455088569896,-5.771612573153905e-16,3.2878412424077235,0.1314502019596074,44.69225100417259,4,True,1.1545834826578634e-14,-1.5442191191072203,-4.746948523749212e-15,1.1545834826578634e-14,-1.5442191191072203,-4.746948523749212e-15
0.16000000000000011,0.009589350762238269,2.7879932447879705e-19,0.27172681536064314,-4.238242384698755e-16,3.4996154965142523,0.14720921716561827,44.68595978204877,4,True,1.1545834826578634e-14,-1.5442191191072203,-4.746948523749212e-15,1.1545834826578634e-14,-1.5442191191072203,-4.746948523749212e-15
0.17000000000000012,0.011155516539511722,-3.220489789606642e-19,0.2722125649098321,-2.990968409473577e-16,3.7357973454814988,0.1645653232225937,44.646004684323536,4,True,1.1545834826578634e-14,-1.5442191191072203,-4.746948523749212e-15,1.1545834826578634e-14,-1.5442191191072203,-4.746948523749212e-15
0.18000000000000013,0.012904803936813578,-3.1456321215313678e-18,0.27273040838163953,2.8620660965365327e-16,3.996877469205151,0.18368547077642894,44.568203955603046,4,True,1.1545834826578634e-14,-1.5442191191072203,-4.746948523749212e-15,1.1545834826578634e-14,-1.5442191191072203,-4.746948523749212e-15
0.19000000000000014,0.014855812676103487,-4.193868382538557e-18,0.2732783249033677,5.936045227048994e-16,4.282759140305359,0.20474513210981768,44.442675126817626,4,True,1.1545834826578634e-14,-1.5442191191072203,-4.746948523749212e-15,1.1545834826578634e-14,-1.5442191191072203,-4.746948523749212e-15
0.20000000000000015,0.017028927245498756,-5.545241616008425e-18,0.2738534683506865,9.309526372315378e-16,4.592524521853596,0.2279244927182018,44.25438899286953,4,True,1.1545834826578634e-14,-1.5442191191072203,-4.746948523749212e-15,1.1545834826578634e-14,-1.5442191191072203,-4.746948523749212e-15
0.21000000000000016,0.01944632988772826,-3.503147416982156e-18,0.27445190500539485,7.067226689835066e-16,4.924110802445177,0.2534016631701475,43.98248042564089,4,True,1.1545834826578634e-14,-1.5442191191072203,-4.746948523749212e-15,1.1545834826578634e-14,-1.5442191191072203,-4.746948523749212e-15
0.22000000000000017,0.0221276549589037,-5.285012935024643e-18,0.2750595826092272,1.195568581159658e-15,5.265109598035633,0.28067171232458504,47.54600419822535,4,True,1.1545834826578634e-14,-1.5442191191072203,-4.746948523749212e-15,1.1545834826578634e-14,-1.5442191191072203,-4.746948523749212e-15
0.23000000000000018,0.025104844363186357,-4.688623109294182e-18,0.275680671396611,1.1902804236251247e-15,5.6229847314181,0.31195854057905475,44.062903657106,4,True,1.1545834826578634e-14,-1.5442191191072203,-4.746948523749212e-15,1.1545834826578634e-14,-1.5442191191072203,-4.746948523749212e-15
0.24000000000000019,0.028398733653473986,-4.971600738238283e-18,0.2762969747670998,9.225224804562667e-16,5.977961867407721,0.3449722995778032,44.80052377054465,4,True,1.1545834826578634e-14,-1.5442191191072203,-4.746948523749212e-15,1.1545834826578634e-14,-1.5442191191072203,-4.746948523749212e-15
0.25000000000000017,0.03203381629674286,-3.167532112561928e-18,0.2768928331814702,6.780170716590766e-16,6.315861134858766,0.37948874988338005,49.149598233939564,4,True,1.1545834826578634e-14,-1.5442191191072203,-4.746948523749212e-15,1.1545834826578634e-14,-1.5442191191072203,-4.746948523749212e-15
0.2600000000000002,0.036031649350656975,-4.716429783832321e-18,0.2774456284416234,3.250167656548203e-17,6.616267873261665,0.4171550331869247,49.62919075741521,4,True,1.1545834826578634e-14,-1.5442191191072203,-4.746948523749212e-15,1.1545834826578634e-14,-1.5442191191072203,-4.746948523749212e-15
0.2700000000000002,0.04041831939626436,-6.4720341823740004e-18,0.2779389906304173,-5.014432720541736e-16,6.861832605884211,0.45671380724290056,0.0,0,False,1.1545834826578634e-14,-1.5442191191072203,-4.746948523749212e-15,1.1545834826578634e-14,-1.5442191191072203,-4.746948523749212e-15
0.2800000000000002,0.04513579535376194,-8.096968338626125e-18,0.2782111901625623,-1.7869164473350477e-15,7.004244237351477,0.4717990729597734,0.0,0,False,1.1545834826578634e-14,-1.5442191191072203,-4.746948523749212e-15,1.1545834826578634e-14,-1.5442191191072203,-4.746948523749212e-15
0.2900000000000002,0.049535808825916426,-1.0262429848621098e-17,0.2767652189976064,-1.1054932027290925e-15,7.364050896189784,0.41259422878779234,0.0,0,False,1.1545834826578634e-14,-1.5442191191072203,-4.746948523749212e-15,1.1545834826578634e-14,-1.5442191191072203,-4.746948523749212e-15
0.3000000000000002,0.05341514818744925,-1.2213922701707604e-17,0.2732266054142283,-5.39076276504806e-16,8.103665016406646,0.37297314863994624,0.0,0,False,1.1545834826578634e-14,-1.5442191191072203,-4.746948523749212e-15,1.1545834826578634e-14,-1.5442191191072203,-4.746948523749212e-15
0.3100000000000002,0.05704472302025444,-1.2579815142633313e-17,0.2682559376763394,-8.867821548853569e-16,9.009937721991506,0.3565795989924348,0.0,0,False,1.1545834826578634e-14,-1.5442191191072203,-4.746948523749212e-15,1.1545834826578634e-14,-1.5442191191072203,-4.746948523749212e-15
0.32000000000000023,0.06055566156195372,-1.2934616296559206e-17,0.26215822745951317,-1.212334391622587e-15,9.968827473783548,0.3470923835948726,0.0,0,False,1.1545834826578634e-14,-1.5442191191072203,-4.746948523749212e-15,1.1545834826578634e-14,-1.5442191191072203,-4.746948523749212e-15
0.33000000000000024,0.06398406081419637,-1.51635244402639e-17,0.25501675068042834,-2.1533693320192935e-16,10.948097904674771,0.3395006910019492,0.0,0,False,1.1545834826578634e-14,-1.5442191191072203,-4.746948523749212e-15,1.1545834826578634e-14,-1.5442191191072203,-4.746948523749212e-15
0.34000000000000025,0.06734000238801531,-1.757585186159816e-17,0.24685538909246788,9.163102452178582e-16,11.938111170261779,0.33242421457171223,0.0,0,False,1.1545834826578634e-14,-1.5442191191072203,-4.746948523749212e-15,1.1545834826578634e-14,-1.5442191191072203,-4.746948523749212e-15
0.35000000000000026,0.07062525369402303,-1.9668234079366794e-17,0.2376803374303627,1.7790273593932513e-15,12.935957445741654,0.3252973157417233,0.0,0,False,1.1545834826578634e-14,-1.5442191191072203,-4.746948523749212e-15,1.1545834826578634e-14,-1.5442191191072203,-4.746948523749212e-15
0.36000000000000026,0.07384440350944763,-1.848687730962595e-17,0.2274948083080885,7.394382904371085e-16,13.946932185786226,0.3248664529382853,91.34621542444302,4,True,1.1545834826578634e-14,-1.5442191191072203,-4.746948523749212e-15,1.1545834826578634e-14,-1.5442191191072203,-4.746948523749212e-15
0.3700000000000003,0.0774161006290279,-1.766118941017309e-17,0.21658791979836017,7.631445883827524e-16,15.198576930074458,0.37977285529899724,39.37993215449667,4,True,1.1545834826578634e-14,-1.5442191191072203,-4.746948523749212e-15,1.1545834826578634e-14,-1.5442191191072203,-4.746948523749212e-15
0.3800000000000003,0.08135336253126864,-1.5622692286135227e-17,0.20501866648290865,7.945443739255682e-16,16.599280162063092,0.3993868669062588,16.3920271662465,4,True,1.1545834826578634e-14,-1.5442191191072203,-4.746948523749212e-15,1.1545834826578634e-14,-1.5442191191072203,-4.746948523749212e-15
0.3900000000000003,0.08530836886779639,-1.6428854867382078e-17,0.19252488443950772,1.0852580110373264e-15,18.065836045901115,0.3893252288538056,8.810987678561796,4,True,1.1545834826578634e-14,-1.5442191191072203,-4.746948523749212e-15,1.1545834826578634e-14,-1.5442191191072203,-4.746948523749212e-15
0.4000000000000003,0.08908422198811086,-1.583713677545565e-17,0.17896841360284999,1.2512436127401168e-15,19.59136245574451,0.36710051687007855,0.0,0,False,1.1545834826578634e-14,-1.5442191191072203,-4.746948523749212e-15,1.1545834826578634e-14,-1.5442191191072203,-4.746948523749212e-15
0.4100000000000003,0.09258786041990627,-1.7212859897195878e-17,0.1643149447195099,2.0556793920169805e-15,21.15599715207621,0.3363688594263698,0.0,0,False,1.1545834826578634e-14,-1.5442191191072203,-4.746948523749212e-15,1.1545834826578634e-14,-1.5442191191072203,-4.746948523749212e-15
0.4200000000000003,0.09582015900246163,-2.00271785177697e-17,0.14857441089604456,2.8386002776889657e-15,22.781492051755734,0.3132195695546242,15.083672529692503,4,True,1.1545834826578634e-14,-1.5442191191072203,-4.746948523749212e-15,1.1545834826578634e-14,-1.5442191191072203,-4.746948523749212e-15
0.4260000000000003,0.09764162340082172,-1.9686677392212736e-17,0.13861828729389336,3.0289337225016233e-15,23.802717000999944,0.29616142436647364,11.549109669731369,4,True,1.1545834826578634e-14,-1.5442191191072203,-4.746948523749212e-15,1.1545834826578634e-14,-1.5442191191072203,-4.746948523749212e-15
0.4260000000000003,0.09764162340082172,-1.9686677392212736e-17,0.13861828729389336,3.0289337225016233e-15,23.802717000999944,0.29616142436647364,11.549109669731369,4,True,1.1545834826578634e-14,-1.5442191191072203,-4.746948523749212e-15,1.1545834826578634e-14,-1.5442191191072203,-4.746948523749212e-15
